wall_time_s,elapsed_s,mode,thrust_raw,thrust_percent,roll_cmd_deg,pitch_cmd_deg,yawrate_cmd_deg_s,mocap_x,mocap_y,mocap_z,mocap_qx,mocap_qy,mocap_qz,mocap_qw,mocap_age_s,mocap_frame_count,drift_x_m,drift_y_m,horizontal_drift_m,velocity_x_m_s,velocity_y_m_s,horizontal_speed_m_s,battery_v,estimate_z
1779199481.533512,0.0009317398071289062,hold-xy,0,0.0,0.0,0.0,0.0,0.011387419,0.010050656,0.03766565,0.0018807114101946354,0.007218773011118174,-0.6420026421546936,-0.7666661739349365,0.021134376525878906,54,0.0,0.0,0.0,0.0,0.0,0.0,3.969501495361328,103.35366821289062
1779199481.6190352,0.08645486831665039,hold-xy,0,0.0,0.00042262385,-1.5897665e-05,0.0,0.011389226,0.010002625,0.03762053,0.0020487685687839985,0.005141785368323326,-0.6418336033821106,-0.766823947429657,0.012887239456176758,55,1.8067658e-06,-4.80311e-05,4.806506922380553e-05,5.7804014e-06,-0.0001536663,0.00015377498750740177,3.969501495361328,103.35437774658203
1779199481.7201686,0.18758821487426758,hold-xy,0,0.0,0.00012503519,1.02971535e-05,0.0,0.011386392,0.010030065,0.037628144,0.0019956317264586687,0.00546218641102314,-0.6418558955192566,-0.7668032050132751,0.009978294372558594,56,-1.0272488e-06,-2.0591542e-05,2.0617149241230332e-05,-4.125439e-06,-2.8446018e-05,2.874361090461085e-05,3.969501495361328,103.3974609375
1779199481.8017688,0.26918840408325195,hold-xy,0,0.0,-1.8548959e-05,-3.094683e-05,0.0,0.011390577,0.010043962,0.037621096,0.0018789491150528193,0.005969746503978968,-0.6417922377586365,-0.7668529748916626,0.008411169052124023,57,3.1581149e-06,-6.6943467e-06,7.401889341972414e-06,1.2209581e-05,3.0217563e-05,3.259102659644268e-05,3.969501495361328,103.41797637939453
1779199481.9029052,0.37032485008239746,hold-xy,0,0.0,4.1635067e-06,2.8795981e-05,0.0,0.01138413,0.010042879,0.037629545,0.0016836178256198764,0.006267094984650612,-0.6417848467826843,-0.7668572664260864,0.007623195648193359,58,-3.2885e-06,-7.777475e-06,8.444130812149393e-06,-1.0427987e-05,1.7964261e-05,2.0771557280960875e-05,3.969501495361328,103.41243743896484
1779199482.004289,0.4717085361480713,hold-xy,0,0.0,0.00014151663,-2.2309649e-05,0.0,0.0113893505,0.01002834,0.03758523,0.0017284421483054757,0.0070497519336640835,-0.6417826414108276,-0.7668522000312805,0.017006397247314453,59,1.931563e-06,-2.2316352e-05,2.2399788615366708e-05,9.722265e-06,-3.483415e-05,3.6165457436790415e-05,3.969501495361328,103.41940307617188
1779199482.0654511,0.5328707695007324,hold-xy,0,0.0,0.00011259974,-0.00010918151,0.0,0.011398297,0.010029638,0.03759515,0.00192700931802392,0.005563410464674234,-0.6417771577835083,-0.766868531703949,0.0055811405181884766,60,1.0877848e-05,-2.1018088e-05,2.366616968206092e-05,4.3780077e-05,-1.9018255e-05,4.773247589471255e-05,3.969501495361328,103.41940307617188
1779199482.1465287,0.6139483451843262,hold-xy,0,0.0,0.00015127474,0.00030986703,0.0,0.011356312,0.010024672,0.037601568,0.001517574186436832,0.006873736158013344,-0.6418294906616211,-0.7668150663375854,0.005013942718505859,61,-3.1107105e-05,-2.59839e-05,4.053165423654508e-05,-0.00012362574,-3.155943e-05,0.0001275904424412101,3.969501495361328,103.42974853515625
1779199482.2079012,0.6753208637237549,hold-xy,0,0.0,0.00012216577,-1.6829843e-05,0.0,0.011380495,0.010026002,0.037614617,0.0018364038551226258,0.00622261967509985,-0.6418240070343018,-0.7668245434761047,0.003964900970458984,62,-6.9243833e-06,-2.4653971e-05,2.5607916479810856e-05,2.9684918e-05,-1.5699921e-05,3.358097432771866e-05,3.969501495361328,103.46223449707031
1779199482.309646,0.7770655155181885,hold-xy,0,0.0,0.00030395278,0.00020408434,0.0,0.011357241,0.0100048445,0.037598044,0.002020491985604167,0.005585229489952326,-0.641689658164978,-0.7669414281845093,0.01435542106628418,63,-3.0177645e-05,-4.5811757e-05,5.485806586048552e-05,-5.5582503e-05,-8.0470505e-05,9.780039293658787e-05,3.969501495361328,103.48912811279297
1779199482.391158,0.8585777282714844,hold-xy,0,0.0,8.8664434e-05,3.827206e-05,0.0,0.011373065,0.01002497,0.037590582,0.0016161395469680429,0.007117984350770712,-0.6416815519332886,-0.7669364213943481,0.00399017333984375,64,-1.43535435e-05,-2.5685877e-05,2.9424283184815348e-05,1.2761408e-05,9.386047e-06,1.5841445595351127e-05,3.969501495361328,103.46422576904297
1779199482.4933486,0.9607682228088379,hold-xy,0,0.0,0.00037456502,0.00014537771,0.0,0.011361453,0.0099927,0.037572663,0.001792697235941887,0.0066732787527143955,-0.6417023539543152,-0.7669225931167603,0.011016368865966797,65,-2.5966205e-05,-5.7956204e-05,6.350720712834329e-05,-2.7675265e-05,-9.5160125e-05,9.910282732411635e-05,3.969501495361328,103.45538330078125
1779199482.5753891,1.0428087711334229,hold-xy,0,0.0,2.4235072e-05,9.235648e-05,0.0,0.011366029,0.010027391,0.037591655,0.0017211062368005514,0.006791507825255394,-0.6416390538215637,-0.766974687576294,0.0005450248718261719,66,-2.1389686e-05,-2.326537e-05,3.160373468231508e-05,-4.5318275e-06,4.588427e-05,4.6107520571769235e-05,3.969501495361328,103.41873931884766
1779199482.6603713,1.127790927886963,hold-xy,0,0.0,2.638845e-05,-6.0049555e-05,0.0,0.0113813095,0.01002927,0.037610844,0.0015482369344681501,0.006886095739901066,-0.6417059302330017,-0.7669183611869812,0.008480548858642578,67,-6.109476e-06,-2.138596e-05,2.2241514329336817e-05,5.6324974e-05,3.9436927e-05,6.875880836710135e-05,3.969501495361328,103.41873931884766
1779199482.7670686,1.2344882488250732,hold-xy,0,0.0,-2.90826e-05,1.7725979e-06,0.0,0.011377092,0.010037735,0.037609994,0.001834556576795876,0.006668171379715204,-0.6416832804679871,-0.7669385075569153,0.018396854400634766,68,-1.0326505e-05,-1.2921169e-05,1.6540656415942226e-05,2.6355614e-05,5.384485e-05,5.994903084845263e-05,3.969501495361328,103.41960144042969
1779199482.8481808,1.3156003952026367,hold-xy,0,0.0,0.00014763919,0.00021248803,0.0,0.0113546755,0.010020545,0.0376123,0.0017888364382088184,0.006740785203874111,-0.6418487429618835,-0.7667995095252991,0.007121086120605469,69,-3.274344e-05,-3.0111521e-05,4.448411682944967e-05,-5.434285e-05,-1.8128736e-05,5.7286967211070445e-05,3.969501495361328,103.43280792236328
1779199482.9296646,1.3970842361450195,hold-xy,0,0.0,-6.6817374e-05,0.00011629463,0.0,0.011362227,0.0100422595,0.03763597,0.001716884202323854,0.006466210354119539,-0.641950249671936,-0.7667170763015747,0.006792783737182617,70,-2.5192276e-05,-8.396804e-06,2.6554794282366316e-05,-1.035035e-05,6.6936394e-05,6.773190338193738e-05,3.969501495361328,103.401123046875
1779199483.0325606,1.4999802112579346,hold-xy,0,0.0,7.334215e-05,-0.00013442042,0.0,0.0113900015,0.010029838,0.037602145,0.001927881850861013,0.006265419535338879,-0.6416212916374207,-0.7669935822486877,0.017077207565307617,71,2.5825575e-06,-2.0817854e-05,2.0977431521078906e-05,8.2726794e-05,6.6195134e-06,8.299120625619672e-05,3.969501495361328,103.4522705078125
1779199483.1141582,1.5815777778625488,hold-xy,0,0.0,5.3790056e-05,0.00012216707,0.0,0.011365239,0.010032382,0.037598137,0.001821841229684651,0.0067593930289149284,-0.6417690515518188,-0.7668660879135132,0.0060520172119140625,72,-2.2180378e-05,-1.8274412e-05,2.8738881845473466e-05,-2.2297038e-05,1.2871727e-05,2.574566425535606e-05,3.969501495361328,103.47872924804688
1779199483.2176752,1.6850948333740234,hold-xy,0,0.0,-5.508089e-06,-4.2529922e-05,0.0,0.011382612,0.010039694,0.037610173,0.0018747380236163735,0.0065290783531963825,-0.6417605876922607,-0.7668749690055847,0.017771482467651367,73,-4.806556e-06,-1.0962598e-05,1.1970026708863266e-05,4.1170766e-05,3.2905653e-05,5.270497110176743e-05,3.969501495361328,103.4517822265625
1779199483.2995923,1.7670118808746338,hold-xy,0,0.0,6.258787e-05,-6.778202e-05,0.0,0.0113872215,0.010034083,0.037590165,0.0019187796860933304,0.006397825200110674,-0.6418174505233765,-0.7668284177780151,0.017845630645751953,74,-1.9744039e-07,-1.6572885e-05,1.6574060618352884e-05,4.571452e-05,2.4691162e-06,4.578115209221305e-05,3.969501495361328,103.45845794677734
1779199483.3614612,1.828880786895752,hold-xy,0,0.0,-3.6397323e-05,0.00019207921,0.0,0.011364022,0.010043788,0.037623912,0.0018825324950739741,0.0066601186990737915,-0.6417461633682251,-0.7668858766555786,0.008450508117675781,75,-2.3396686e-05,-6.868504e-06,2.4384037260175603e-05,-6.566165e-05,4.2580894e-05,7.825972396574846e-05,3.969501495361328,103.45845794677734
1779199483.4434278,1.9108474254608154,hold-xy,0,0.0,3.188829e-05,-6.2351675e-05,0.0,0.011385847,0.01003902,0.03760635,0.0022458164021372795,0.00543453823775053,-0.6418392658233643,-0.7668166756629944,0.01903510093688965,76,-1.5720725e-06,-1.1635944e-05,1.1741661169508011e-05,4.5759978e-05,9.770325e-06,4.679139723963448e-05,3.969501495361328,103.45515441894531
1779199483.54546,2.0128796100616455,hold-xy,0,0.0,0.000101275684,5.0178638e-05,0.0,0.011374812,0.01003122,0.03759969,0.0018608090467751026,0.0065512931905686855,-0.6418564915657043,-0.7667945623397827,0.017173290252685547,77,-1.2607314e-05,-1.9436702e-05,2.316742911370324e-05,1.6707781e-07,-1.5685919e-05,1.568680863528751e-05,3.969501495361328,103.47288513183594
1779199483.6273139,2.094733476638794,hold-xy,0,0.0,-0.00013699703,-9.039257e-06,0.0,0.011381485,0.010057241,0.037599556,0.0019720171112567186,0.006146554835140705,-0.6417487859725952,-0.7668877840042114,0.0069200992584228516,78,-5.9343874e-06,6.5844506e-06,8.864081487691894e-06,2.1851205e-05,7.377282e-05,7.694091030378604e-05,3.969501495361328,103.47965240478516
1779199483.7139924,2.1814119815826416,hold-xy,0,0.0,-2.7788348e-05,0.00019123315,0.0,0.011361471,0.010049253,0.037615538,0.0018406013259664178,0.006233444903045893,-0.6415881514549255,-0.7670217752456665,0.01201319694519043,79,-2.5947578e-05,-1.4035031e-06,2.5985508199446852e-05,-5.8295227e-05,2.2268241e-05,6.2403590178157e-05,3.969501495361328,103.49309539794922
1779199483.8176122,2.285031795501709,hold-xy,0,0.0,0.00016917502,0.00019987166,0.0,0.011357477,0.010027839,0.037610084,0.0019332701340317726,0.00621793232858181,-0.6416454315185547,-0.7669737339019775,0.020494937896728516,80,-2.994202e-05,-2.2817403e-05,3.764516571433574e-05,-5.3402382e-05,-5.193694e-05,7.449335351833095e-05,3.969501495361328,103.47903442382812
1779199483.9002235,2.367643117904663,hold-xy,0,0.0,7.2723386e-05,0.00015489929,0.0,0.011359795,0.010035928,0.037607744,0.0019276234088465571,0.006183612160384655,-0.6416212916374207,-0.7669942378997803,0.013713598251342773,81,-2.7623959e-05,-1.4727935e-05,3.1304874957492726e-05,-2.9602295e-05,-9.207763e-06,3.100127049205374e-05,3.969501495361328,103.51895141601562
1779199483.9898791,2.457298755645752,hold-xy,0,0.0,0.00010321564,0.00015714334,0.0,0.011358,0.010031935,0.03760911,0.0014933401253074408,0.007342788390815258,-0.6417977809906006,-0.7668372988700867,0.007071495056152344,82,-2.9418617e-05,-1.8721446e-05,3.487043969981976e-05,-2.6312575e-05,-1.888657e-05,3.2389105836074094e-05,3.969501495361328,103.53254699707031
1779199484.0919693,2.5593888759613037,hold-xy,0,0.0,5.406548e-05,-1.6074409e-06,0.0,0.011375122,0.010036672,0.037607443,0.001963619375601411,0.006374733056873083,-0.6416382193565369,-0.7669784426689148,0.010918617248535156,83,-1.2297183e-05,-1.39838085e-05,1.8621697415191068e-05,3.3864115e-05,1.2465025e-06,3.388704745263192e-05,3.969501495361328,103.48397827148438
1779199484.1788929,2.6463124752044678,hold-xy,0,0.0,0.00015593931,0.0001844714,0.0,0.011356741,0.010025772,0.037611417,0.0016908246325328946,0.006896045058965683,-0.6417291760444641,-0.766898512840271,0.012849807739257812,84,-3.0677766e-05,-2.4884008e-05,3.950112898622898e-05,-4.117356e-05,-3.760218e-05,5.5760077490987214e-05,3.969501495361328,103.48397827148438
1779199484.2455518,2.7129714488983154,hold-xy,0,0.0,-6.955427e-05,-3.5002908e-05,0.0,0.011377281,0.010047091,0.037617616,0.002266600728034973,0.005182495340704918,-0.6417438983917236,-0.7668981552124023,0.0017006397247314453,85,-1.0138378e-05,-3.5651028e-06,1.0746936954659263e-05,5.0370945e-05,5.587645e-05,7.522904910778414e-05,3.969501495361328,103.43550872802734
1779199484.3279724,2.7953920364379883,hold-xy,0,0.0,3.8487087e-05,8.744387e-05,0.0,0.011367483,0.010038951,0.03761157,0.0017567413160577416,0.006883309222757816,-0.6418277025222778,-0.7668159604072571,0.011355161666870117,86,-1.9935891e-05,-1.1704862e-05,2.3118035058694007e-05,-5.1335373e-06,5.5549062e-06,7.563741665068079e-06,3.969501495361328,103.39342498779297
1779199484.3951068,2.8625264167785645,hold-xy,0,0.0,8.687408e-05,-3.304954e-05,0.0,0.011379395,0.010034326,0.037629858,0.0019409700762480497,0.005878672003746033,-0.6418301463127136,-0.7668218612670898,0.0024976730346679688,87,-8.024275e-06,-1.632981e-05,1.8194825804728075e-05,4.3431093e-05,-1.4369894e-05,4.57466255375525e-05,3.969501495361328,103.42300415039062
1779199484.4764614,2.943881034851074,hold-xy,0,0.0,9.4236384e-07,0.0001611021,0.0,0.011360869,0.010042758,0.037593048,0.002001821296289563,0.006182060576975346,-0.6416985988616943,-0.7669293880462646,0.000904083251953125,88,-2.6550144e-05,-7.898547e-06,2.770012942651143e-05,-3.660102e-05,2.0434549e-05,4.191903496295527e-05,3.969501495361328,103.44645690917969
1779199484.5577426,3.0251622200012207,hold-xy,0,0.0,0.00017751817,0.00011004238,0.0,0.011364515,0.010025114,0.037607264,0.0022758073173463345,0.005173782352358103,-0.6417688131332397,-0.766877293586731,0.00016689300537109375,89,-2.2904016e-05,-2.5542453e-05,3.430759293745536e-05,-1.228421e-05,-5.0232236e-05,5.171246776577274e-05,3.969501495361328,103.44645690917969
1779199484.660649,3.128068685531616,hold-xy,1000,1.525902189669642,6.688953e-05,-1.5700829e-05,0.0,0.0113788545,0.010035614,0.037621297,0.002114873146638274,0.005407474469393492,-0.6418738961219788,-0.7667882442474365,0.00041484832763671875,90,-8.564442e-06,-1.5042722e-05,1.730991483582816e-05,3.3305732e-05,-4.479094e-06,3.3605566067307165e-05,3.969501495361328,103.40082550048828
1779199484.742174,3.2095935344696045,hold-xy,1000,1.525902189669642,2.0973215e-05,2.1409645e-05,0.0,0.011376705,0.010039879,0.03759985,0.002226343611255288,0.005844522267580032,-0.6417431831359863,-0.7668941020965576,0.010421991348266602,91,-1.0713935e-05,-1.0777265e-05,1.5196639046084303e-05,1.4297396e-05,1.4757229e-05,2.054729513697143e-05,3.969501495361328,103.44417572021484
1779199484.8452811,3.3127007484436035,hold-xy,2000,3.051804379339284,0.00027652777,0.0002517391,0.0,0.011351209,0.010011534,0.0375928,0.0020038418006151915,0.005856505129486322,-0.641741931438446,-0.7668957114219666,0.019419193267822266,92,-3.620982e-05,-3.9122067e-05,5.330747911776427e-05,-7.126656e-05,-8.002633e-05,0.00010715939632006612,3.969501495361328,103.46072387695312
1779199484.9307592,3.398178815841675,hold-xy,2000,3.051804379339284,-9.519157e-06,1.6385551e-05,0.0,0.011373761,0.010039273,0.037600465,0.0017956035444512963,0.006567369680851698,-0.6417831182479858,-0.7668560147285461,0.015148639678955078,93,-1.3657846e-05,-1.1383556e-05,1.7779822073436346e-05,2.5497222e-05,3.6702255e-05,4.4689638258744385e-05,3.969501495361328,103.43377685546875
1779199485.0141046,3.4815242290496826,hold-xy,3000,4.577706569008926,0.00022335877,-0.00010661712,0.0,0.011388857,0.010014985,0.037571944,0.0019319470738992095,0.0059027597308158875,-0.6417007446289062,-0.7669299840927124,0.006810665130615234,94,1.437962e-06,-3.5671517e-05,3.570048921288661e-05,6.724351e-05,-5.37818e-05,8.61055885941411e-05,3.969501495361328,103.46171569824219
1779199485.1155863,3.583005905151367,hold-xy,4000,6.103608758678568,-0.00027023265,1.5114983e-05,0.0,0.011377956,0.010070924,0.037622146,0.0022318721748888493,0.0062209549359977245,-0.6419048309326172,-0.7667559385299683,0.005812406539916992,95,-9.463169e-06,2.0267442e-05,2.2367851591111733e-05,1.5158461e-05,0.00012610859,0.00012701635123012195,3.969501495361328,103.45954895019531
1779199485.2193174,3.686737060546875,hold-xy,4000,6.103608758678568,6.7755944e-05,-9.076766e-05,0.0,0.01139077,0.010038948,0.0376518,0.0018359007081016898,0.006826493423432112,-0.6415954232215881,-0.7670106887817383,0.015702247619628906,96,3.3508986e-06,-1.1708587e-05,1.2178650877975753e-05,5.157604e-05,-1.3947727e-05,5.3428709316648106e-05,3.969501495361328,103.44918060302734
1779199485.2833264,3.750746011734009,hold-xy,5000,7.629510948348211,8.346202e-06,0.00017827663,0.0,0.011366652,0.01004416,0.037593506,0.0018730375450104475,0.006406107917428017,-0.6415629982948303,-0.7670412659645081,0.007050991058349609,97,-2.076663e-05,-6.495975e-06,2.175892028682741e-05,-6.347341e-05,1.1758465e-05,6.45533506600966e-05,3.9642229080200195,103.48773193359375
1779199485.3853402,3.852759838104248,hold-xy,6000,9.155413138017853,-0.00041176294,-0.00012963859,0.0,0.011398172,0.010092159,0.03756809,0.00245261425152421,0.005486754234880209,-0.6413728594779968,-0.7672058343887329,0.0165252685546875,98,1.075305e-05,4.1502528e-05,4.287292740302053e-05,5.7750927e-05,0.00016383523,0.0001737157201993451,3.9642229080200195,103.51416778564453
1779199485.4474995,3.914919137954712,hold-xy,6000,9.155413138017853,0.0002464443,8.6402884e-05,0.0,0.011381449,0.01004073,0.0375938,0.002074186224490404,0.00595385255292058,-0.6416675448417664,-0.7669569849967957,0.01758408546447754,99,-5.9697777e-06,-9.926036e-06,1.1582937000866472e-05,-4.1682513e-05,-0.00013782678,0.0001439918443535412,3.9642229080200195,103.51416778564453
1779199485.5305567,3.997976303100586,hold-xy,7000,10.681315327687495,1.0084983e-05,0.00021791525,0.0,0.0113655515,0.010059174,0.037587952,0.001975561259314418,0.006444361060857773,-0.6417471766471863,-0.7668866515159607,0.018107175827026367,100,-2.1867454e-05,8.517876e-06,2.3467845813122938e-05,-8.696363e-05,-2.9437659e-05,9.181093840267531e-05,3.9642229080200195,103.49856567382812
1779199485.5930777,4.060497283935547,hold-xy,7000,10.681315327687495,0.00017587692,8.495073e-05,0.0,0.011373851,0.010043337,0.037605427,0.0016416686121374369,0.007067319471389055,-0.6418170928955078,-0.766823410987854,0.019026517868041992,101,-1.3567507e-05,-7.319264e-06,1.5415864322277382e-05,-2.0453797e-05,-9.7733246e-05,9.985061196520274e-05,3.9642229080200195,103.43309783935547
1779199485.6947136,4.16213321685791,hold-xy,8000,12.207217517357137,9.416455e-05,-0.0001905986,0.0,0.01140751,0.010048105,0.037605613,0.001880413736216724,0.006052253767848015,-0.6417221426963806,-0.7669110298156738,0.0056629180908203125,102,2.0091422e-05,-2.5508925e-06,2.025271055996759e-05,7.3488605e-05,-5.5973986e-05,9.237782561524052e-05,3.958944320678711,103.4144287109375
1779199485.7775378,4.244957447052002,hold-xy,9000,13.733119707026779,0.00015936058,-0.0001304525,0.0,0.011404671,0.010038626,0.037629128,0.002188899088650942,0.0047667804174125195,-0.6417394280433655,-0.7669048309326172,0.007189512252807617,103,1.725182e-05,-1.2029894e-05,2.1031966293916612e-05,4.096348e-05,-7.416067e-05,8.472196953830643e-05,3.958944320678711,103.41456604003906
1779199485.8830466,4.350466251373291,hold-xy,9000,13.733119707026779,0.00020925816,0.00028765996,0.0,0.011359567,0.010029229,0.03763832,0.0020892934408038855,0.005295689217746258,-0.6417213678359985,-0.7669167518615723,0.020130157470703125,104,-2.7852133e-05,-2.1426938e-05,3.514050363946197e-05,-0.00011750095,-8.236693e-05,0.00014349489874266902,3.9536657333374023,103.45426177978516
1779199485.9743645,4.441784143447876,hold-xy,9000,13.733119707026779,-0.00015557298,-0.0001661485,0.0,0.011405313,0.0100666275,0.037566062,0.002307307906448841,0.0044234092347323895,-0.6411527991294861,-0.7673970460891724,0.016993999481201172,105,1.7894432e-05,1.597125e-05,2.3985235805195426e-05,6.3047184e-05,6.112532e-05,8.781373515186345e-05,3.958944320678711,103.45426177978516
1779199486.080432,4.5478515625,hold-xy,10000,15.259021896696423,0.00017145801,-0.00012288429,0.0,0.011403531,0.010030777,0.037599124,0.0016365260817110538,0.006169131025671959,-0.6417197585105896,-0.7669127583503723,0.019728660583496094,106,1.611188e-05,-1.987908e-05,2.5588484042330482e-05,3.895785e-05,-6.1294464e-05,7.262730272525168e-05,3.9483871459960938,103.47771453857422
1779199486.1649818,4.632401466369629,hold-xy,11000,16.784924086366065,-0.0001841485,2.0504063e-05,0.0,0.011389966,0.010066131,0.037667487,0.0018335471395403147,0.006000992376357317,-0.6419218182563782,-0.7667444348335266,0.019023656845092773,107,2.5471672e-06,1.5474856e-05,1.5683087234632453e-05,-2.046182e-05,8.149939e-05,8.402878556857268e-05,3.9483871459960938,103.47771453857422
1779199486.2489436,4.716363191604614,hold-xy,12000,18.310826276035705,0.0014026286,-0.0021755123,0.0,0.011622696,0.009901162,0.037647184,-0.001855872105807066,0.0054071987979114056,-0.6411741375923157,-0.7673740983009338,0.01959538459777832,108,0.00023527723,-0.00014949404,0.0002787540943843817,0.00082293566,-0.00053643493,0.0009823367998427841,3.943108558654785,103.45240020751953
1779199486.3509402,4.818359851837158,hold-xy,12000,18.310826276035705,0.0041763457,-0.003922142,0.0,0.011875048,0.009541744,0.037674632,-0.005917352624237537,0.002435984555631876,-0.6409859657287598,-0.7675259709358215,0.019060134887695312,109,0.00048762932,-0.0005089119,0.0007048217363063654,0.0013144166,-0.0014271319,0.0019402053374962009,3.9378299713134766,103.4218978881836
1779199486.4168537,4.884273290634155,hold-xy,12000,18.310826276035705,0.0025602796,-0.0028411546,0.0,0.011822667,0.009645957,0.03765201,-0.004021129105240107,0.00217060511931777,-0.6412332653999329,-0.7673324346542358,0.0007817745208740234,110,0.00043524802,-0.0004046997,0.0005943253942251566,0.00073344173,-0.0006276538,0.0009653424591442385,3.9378299713134766,103.33963775634766
1779199486.523971,4.991390705108643,hold-xy,12000,18.310826276035705,0.0029523436,-0.0031107296,0.0,0.011891916,0.009568059,0.037661236,-0.005838978569954634,0.002363558392971754,-0.6409178972244263,-0.7675836086273193,0.01130986213684082,111,0.00050449744,-0.0004825974,0.0006981531912861518,0.00072849327,-0.0006813026,0.0009974345477031456,3.9378299713134766,103.26598358154297
1779199486.585346,5.052765607833862,hold-xy,12000,18.310826276035705,0.0024478128,-0.0026294687,0.0,0.01187846,0.009585419,0.037683845,-0.005161621142178774,0.0022843428887426853,-0.6410366892814636,-0.7674894332885742,0.011893987655639648,112,0.00049104076,-0.00046523754,0.0006764369976839201,0.0004435371,-0.0003912417,0.0005914349021128669,3.9378299713134766,103.26912689208984
1779199486.6667733,5.134192943572998,hold-xy,12000,18.310826276035705,0.0020668549,-0.0022433677,0.0,0.011860022,0.009605674,0.037653156,-0.005306979175657034,0.0023541615810245275,-0.6408497095108032,-0.7676444053649902,0.019741535186767578,113,0.00047260337,-0.0004449822,0.0006491248703467415,0.0002353029,-0.000191284,0.0003032441586850448,3.9378299713134766,103.26912689208984
1779199486.7280438,5.195463418960571,hold-xy,12000,18.310826276035705,0.001389491,-0.002241935,0.0,0.011870833,0.009666871,0.037690833,-0.005242897197604179,0.0021268976852297783,-0.6405404806137085,-0.7679035663604736,0.0015344619750976562,114,0.00048341416,-0.000383785,0.0006172359097637655,0.000205519,9.709931e-05,0.00022730230308226098,3.9378299713134766,103.23399353027344
1779199486.8314974,5.298917055130005,hold-xy,12000,18.310826276035705,0.0011417819,-0.0010756489,0.0,0.011748065,0.0097001875,0.03773278,-0.005164138041436672,0.005162717774510384,-0.6411288380622864,-0.767398476600647,0.010183572769165039,115,0.00036064629,-0.0003504688,0.0005028857691116149,-0.0002446241,0.0001733955,0.0002998448726667356,3.9378299713134766,103.21430969238281
1779199486.9131434,5.380563020706177,hold-xy,13000,19.83672846570535,0.0023826335,-0.0022575574,0.0,0.011868394,0.009569643,0.03767129,-0.005852301139384508,0.002633725991472602,-0.6407462954521179,-0.7677258849143982,0.00013303756713867188,116,0.00048097502,-0.0004810132,0.0006802283874710849,0.00022243816,-0.00030572043,0.0003780789852446608,3.9378299713134766,103.23172760009766
1779199487.0145402,5.481959819793701,hold-xy,13000,19.83672846570535,0.001975318,-0.0023654725,0.0,0.011892023,0.009600284,0.037698213,-0.005583642050623894,0.0022897401358932257,-0.6408295631408691,-0.7676594853401184,0.007846593856811523,117,0.0005046036,-0.0004503727,0.000676358169597923,0.00023137208,-0.00011588478,0.0002587707902944492,3.9272727966308594,103.2573013305664
1779199487.1165907,5.584010362625122,hold-xy,14000,21.36263065537499,0.0014451635,-0.0016093114,0.0,0.011817935,0.009654596,0.037710987,-0.0055256434716284275,0.0019461862975731492,-0.6410191655158997,-0.7675025463104248,0.016166210174560547,118,0.00043051597,-0.00039605983,0.000584984945091567,-7.516827e-05,9.271721e-05,0.00011935974848270989,3.932551383972168,103.28260803222656
1779199487.1995609,5.666980504989624,hold-xy,14000,21.36263065537499,0.0004814514,-0.00048460747,0.0,0.011694072,0.009762092,0.037716176,-0.0038508856669068336,0.004276537802070379,-0.6408188939094543,-0.7676705121994019,0.015076160430908203,119,0.00030665286,-0.0002885647,0.00042107667447270327,-0.0004946693,0.00044853828,0.0006677457038556571,3.921994209289551,103.2099838256836
1779199487.2816873,5.7491068840026855,hold-xy,14000,21.36263065537499,0.0022864116,-0.002626243,0.0,0.011912388,0.009579715,0.03770365,-0.006308834068477154,0.003271866822615266,-0.6408135890960693,-0.7676635980606079,0.0032601356506347656,120,0.00052496884,-0.00047094095,0.0007052500558633907,0.00035091184,-0.0002684319,0.00044180855669309974,3.921994209289551,103.16880798339844
1779199487.3858736,5.853293180465698,hold-xy,15000,22.888532845044633,0.0014034004,-0.0017600715,0.0,0.011832423,0.009665772,0.037726395,-0.005441352725028992,0.002541770227253437,-0.6407936811447144,-0.7676897048950195,0.014798879623413086,121,0.00044500362,-0.00038488396,0.000588356914182839,-1.3295357e-05,9.075695e-05,9.172562250996462e-05,3.916715621948242,103.12321472167969
1779199487.4704924,5.9379119873046875,hold-xy,15000,22.888532845044633,0.00091223256,-0.0013126481,0.0,0.0117808655,0.009726267,0.037733305,-0.0052378517575562,0.004622777458280325,-0.6409109830856323,-0.7675834894180298,0.005555391311645508,122,0.00039344653,-0.00032438897,0.00050992977179966,-0.00017409206,0.00025688222,0.0003103168017151316,3.916715621948242,103.12321472167969
1779199487.5547445,6.0221641063690186,hold-xy,15000,22.888532845044633,0.0021092154,-0.002031415,0.0,0.011850331,0.009608972,0.037781112,-0.007513971067965031,0.004719114396721125,-0.6406373381614685,-0.7677923440933228,0.003589630126953125,123,0.00046291202,-0.0004416844,0.0006398223439309566,0.00011984466,-0.00022831853,0.00025786060542959085,3.916715621948242,103.02165222167969
1779199487.6359406,6.103360176086426,hold-xy,15000,22.888532845044633,0.0015697462,-0.0019946224,0.0,0.011852127,0.009654731,0.037777215,-0.007195868995040655,0.003752581775188446,-0.6406734585762024,-0.767770528793335,0.003618478775024414,124,0.0004647076,-0.00039592572,0.000610500067101264,9.0527894e-05,9.304436e-06,9.100479150583545e-05,3.9114370346069336,103.04273986816406
1779199487.717231,6.184650659561157,hold-xy,15000,22.888532845044633,0.0017119098,-0.0019054705,0.0,0.011847026,0.009640194,0.03776013,-0.007022424601018429,0.004048099275678396,-0.6407055258750916,-0.7677438855171204,0.0029625892639160156,125,0.00045960676,-0.00041046273,0.0006162126394593979,4.469565e-05,-4.67059e-05,6.464628655616129e-05,3.9114370346069336,103.0890121459961
1779199487.7998638,6.2672834396362305,hold-xy,15000,22.888532845044633,0.0014775818,-0.00189616,0.0,0.011848087,0.009661159,0.03778874,-0.007905776612460613,0.004886779468506575,-0.6406701803207397,-0.7677600383758545,0.012716054916381836,126,0.00046066847,-0.00038949773,0.0006032610567314831,3.5657366e-05,5.360609e-05,6.438214612057738e-05,3.9114370346069336,103.0324935913086
1779199487.903132,6.370551586151123,hold-xy,15000,22.888532845044633,0.0011795147,-0.0015083293,0.0,0.01180328,0.009699989,0.037848312,-0.007573276292532682,0.004251991864293814,-0.6406654715538025,-0.7677710652351379,0.011267900466918945,127,0.00041586068,-0.00035066716,0.0005439738676355444,-0.00010340895,0.00014876931,0.00018117868874536908,3.916715621948242,102.96952056884766
1779199488.0048811,6.47230076789856,hold-xy,16000,24.414435034714273,0.0012510642,-0.0016764196,0.0,0.011817199,0.009699462,0.03785051,-0.007593909278512001,0.0034921818878501654,-0.6406612992286682,-0.7677781581878662,0.017935514450073242,128,0.00042978022,-0.0003511943,0.0005550211440006213,-2.8467504e-05,0.00010247532,0.00010635596257457717,3.9114370346069336,102.92678833007812
1779199488.0860505,6.553470134735107,hold-xy,16000,24.414435034714273,0.0025398368,-0.0021215184,0.0,0.011862513,0.0095692035,0.03774607,-0.006761076860129833,0.0034431801177561283,-0.6407630443572998,-0.7677011489868164,0.017876625061035156,129,0.00047509372,-0.0004814528,0.0006763954838242204,0.00014742893,-0.0004093505,0.00043508978672322833,3.906158447265625,102.96690368652344
1779199488.1685803,6.635999917984009,hold-xy,16000,24.414435034714273,0.0015691654,-0.002077066,0.0,0.011864973,0.009657603,0.03773864,-0.006496802903711796,0.003442584304139018,-0.6404860019683838,-0.7679346799850464,0.00850820541381836,130,0.00047755428,-0.00039305352,0.0006185055863525399,0.00011123268,2.032495e-06,0.00011125124717202087,3.906158447265625,102.96690368652344
1779199488.2506557,6.718075275421143,hold-xy,17000,25.940337224383917,0.0010761532,-0.001461477,0.0,0.011804667,0.009710273,0.037844278,-0.007863500155508518,0.005667760968208313,-0.6404857039451599,-0.7679088711738586,0.006905555725097656,131,0.00041724835,-0.0003403835,0.0005384766608859617,-0.00013834424,0.00019025379,0.00023523527151486098,3.906158447265625,103.00777435302734
1779199488.353388,6.820807695388794,hold-xy,18000,27.466239414053558,0.000951853,-0.0013469276,0.0,0.011783626,0.009735255,0.037808802,-0.007524419575929642,0.005535259377211332,-0.6404344439506531,-0.7679560780525208,0.00742793083190918,132,0.00039620697,-0.0003154017,0.0005064170292942986,-0.00015860017,0.00020650253,0.00026037917774957025,3.895601272583008,102.99942016601562
1779199488.455116,6.92253565788269,hold-xy,18000,27.466239414053558,0.0014958598,-0.0018821127,0.0,0.011835762,0.00968455,0.037818722,-0.008183366619050503,0.005871335044503212,-0.6405081152915955,-0.7678853273391724,0.017247676849365234,133,0.00044834334,-0.00036610663,0.0005788314312043341,5.9159567e-05,-2.09555e-05,6.276135242734492e-05,3.890322685241699,102.94660949707031
1779199488.5573964,7.024816036224365,hold-xy,19000,28.9921416037232,0.0017252781,-0.0020784247,0.0,0.011862611,0.009655784,0.0378127,-0.007880253717303276,0.004860683344304562,-0.6403979659080505,-0.7679874897003174,0.01495504379272461,134,0.00047519244,-0.0003948724,0.0006178446699642031,0.00011843664,-9.719233e-05,0.00015321091913385285,3.890322685241699,102.90219116210938
1779199488.641583,7.109002590179443,hold-xy,19000,28.9921416037232,0.0012639769,-0.0018713643,0.0,0.011846479,0.009699593,0.03782835,-0.007812758907675743,0.005244242027401924,-0.6405553221702576,-0.7678543925285339,0.017787694931030273,135,0.00045906007,-0.00035106298,0.0005779111934084343,2.3416043e-05,9.351663e-05,9.640368624636844e-05,3.879765510559082,102.8646240234375
1779199488.7239993,7.191418886184692,hold-xy,19000,28.9921416037232,0.0015891512,-0.0014950307,0.0,0.0118053,0.009667724,0.037765764,-0.007131985388696194,0.0066606756299734116,-0.6406745314598083,-0.7677505612373352,0.00804758071899414,136,0.0004178807,-0.0003829319,0.0005667990174180397,-0.00011766139,-3.8282407e-05,0.0001237325526415413,3.879765510559082,102.83280181884766
1779199488.8275194,7.294939041137695,hold-xy,19000,28.9921416037232,0.0012968475,-0.0015754951,0.0,0.011808396,0.009698681,0.037749637,-0.005528253503143787,0.004299764055758715,-0.6407575011253357,-0.7677114009857178,0.019467592239379883,137,0.00042097736,-0.00035197567,0.000548733813738096,-7.227618e-05,7.403679e-05,0.00010346638416580789,3.879765510559082,102.74884796142578
1779199488.8886845,7.356104135513306,hold-xy,19000,28.9921416037232,-0.0010743057,0.00066236395,0.0,0.011588697,0.009931355,0.037729915,-0.0020392697770148516,0.00607777526602149,-0.6411851644515991,-0.7673593759536743,0.009588241577148438,138,0.00020127837,-0.00011930149,0.000233978258927129,-0.0009783183,0.0010343412,0.0014237163804098963,3.879765510559082,102.71318054199219
1779199488.971193,7.438612699508667,hold-xy,19000,28.9921416037232,0.0010118943,-0.0015752017,0.0,0.011781041,0.009757908,0.03773121,-0.004560289904475212,0.003971117548644543,-0.6407433152198792,-0.7677313089370728,0.007895708084106445,139,0.00039362162,-0.0002927482,0.0004905502097847611,4.7683716e-07,0.00010606565,0.0001060667207781275,3.879765510559082,102.71318054199219
1779199489.052642,7.520061731338501,hold-xy,20000,30.518043793392845,0.0017067117,-0.0019439845,0.0,0.011819955,0.009689666,0.03781433,-0.0076314182952046394,0.0062410165555775166,-0.6404464840888977,-0.7679396271705627,0.007262229919433594,140,0.000432536,-0.00036098994,0.0005633836573478171,0.00014256037,-0.00017516797,0.00022584790595588753,3.879765510559082,102.70601654052734
1779199489.136748,7.604167699813843,hold-xy,20000,30.518043793392845,0.001210626,-0.0011932576,0.0,0.011747872,0.009733474,0.03772496,-0.004800975788384676,0.005105932243168354,-0.6406539678573608,-0.7677977681159973,0.009917974472045898,141,0.0003604535,-0.0003171824,0.00048013686863859794,-0.00016570426,3.8735758e-05,0.00017017155833477197,3.879765510559082,102.69656372070312
1779199489.2383242,7.705743789672852,hold-xy,20000,30.518043793392845,0.00020691572,-0.0004804795,0.0,0.011659289,0.009848362,0.03771187,-0.002554910723119974,0.004520002752542496,-0.641027569770813,-0.7675002217292786,0.019434690475463867,142,0.00027186982,-0.00020229444,0.0003388749622983247,-0.00040466653,0.00040150803,0.0005700558810315723,3.869208335876465,102.71984100341797
1779199489.3243973,7.79181694984436,hold-xy,21000,32.043945983062486,0.0017179883,-0.002064004,0.0,0.011819462,0.009696307,0.03778108,-0.006507033482193947,0.004538853187114,-0.6405637264251709,-0.7678639888763428,0.010759353637695312,143,0.00043204334,-0.0003543496,0.0005587710598554431,0.00022388718,-0.00020039323,0.00030047117041029245,3.869208335876465,102.69822692871094
1779199489.4117622,7.879181861877441,hold-xy,21000,32.043945983062486,0.00046110188,-0.00057402893,0.0,0.011665524,0.009825588,0.03772667,-0.003144963877275586,0.004563795868307352,-0.6406522393226624,-0.7678111791610718,0.008564233779907227,144,0.00027810503,-0.00022506807,0.000357768150472924,-0.00035892747,0.00029278026,0.00046319456310748696,3.8639297485351562,102.61955261230469
1779199489.554038,8.02145767211914,hold-xy,21000,32.043945983062486,0.0009355576,-0.0010947214,0.0,0.011716379,0.009777065,0.037765473,-0.003717470448464155,0.003407585434615612,-0.6408394575119019,-0.7676584124565125,0.003913164138793945,145,0.0003289599,-0.0002735909,0.0004278628161491893,-0.00014741214,0.00010587069,0.00018149088748594156,3.8639297485351562,102.5950927734375
1779199489.6165793,8.083998918533325,hold-xy,22000,33.56984817273213,0.0016943075,-0.0017520649,0.0,0.011762305,0.009721806,0.037767082,-0.005768153816461563,0.004227139987051487,-0.6405500769615173,-0.7678830623626709,0.01571369171142578,146,0.0003748862,-0.00032885,0.0004986802577177029,0.00016834674,-0.000252605,0.000303562049536013,3.8586511611938477,102.57371520996094
1779199489.6988268,8.16624641418457,hold-xy,22000,33.56984817273213,0.0017530541,-0.0023966779,0.0,0.011838917,0.009703469,0.03783746,-0.00785016268491745,0.0048088557086884975,-0.6405408382415771,-0.7678689360618591,0.014672279357910156,147,0.00045149773,-0.0003471868,0.000569551496220633,0.00039379133,-0.00024287123,0.00046266407655195027,3.853372573852539,102.53960418701172
1779199489.7808383,8.248257875442505,hold-xy,22000,33.56984817273213,0.0018677741,-0.0024685552,0.0,0.011867082,0.009678139,0.03782915,-0.0074005452916026115,0.0045130071230232716,-0.6403164863586426,-0.7680622935295105,0.0037796497344970703,148,0.0004796628,-0.00037251692,0.0006073263004707583,0.00036660276,-0.00025180425,0.00044475044864022913,3.8480939865112305,102.51219940185547
1779199489.8894563,8.356875896453857,hold-xy,22000,33.56984817273213,0.0023006257,-0.0025992414,0.0,0.011901282,0.009614962,0.03775709,-0.006930681876838207,0.003955006133764982,-0.6405655741691589,-0.7678619623184204,0.0155181884765625,149,0.0005138628,-0.00043569412,0.0006737093988518487,0.0003625268,-0.00037189946,0.0005193600572889645,3.853372573852539,102.49200439453125
1779199489.9713194,8.43873906135559,hold-xy,22000,33.56984817273213,0.0008420671,-0.0014325135,0.0,0.011788028,0.009760672,0.037767824,-0.0049344198778271675,0.004369326401501894,-0.6405878663063049,-0.7678565382957458,0.004816532135009766,150,0.00040060934,-0.00028998405,0.0004945488719193186,-0.000113282615,0.0002119127,0.00024029137761820193,3.853372573852539,102.49200439453125
1779199490.0524006,8.519820213317871,hold-xy,22000,33.56984817273213,0.0015412401,-0.0019611702,0.0,0.011834469,0.009701969,0.03780014,-0.005864267703145742,0.0042363605462014675,-0.6404525637626648,-0.7679636478424072,0.014308452606201172,151,0.00044704974,-0.00034868717,0.0005669534657252356,0.00011531413,-9.7660944e-05,0.0001511125691354446,3.853372573852539,102.44031524658203
1779199490.1132321,8.580651760101318,hold-xy,22000,33.56984817273213,0.001963093,-0.0024788731,0.0,0.0118908975,0.009655823,0.037834868,-0.008071744814515114,0.005438937805593014,-0.6405529379844666,-0.7678523659706116,0.0012972354888916016,152,0.0005034786,-0.00039483327,0.0006398312059093132,0.00030997256,-0.00025583984,0.0004019166610642519,3.8480939865112305,102.46559143066406
1779199490.1946878,8.662107467651367,hold-xy,22000,33.56984817273213,0.0012556061,-0.0014230479,0.0,0.011793874,0.009718543,0.037801158,-0.005546216387301683,0.004884522873908281,-0.6407122015953064,-0.7677456140518188,0.00010085105895996094,153,0.00040645525,-0.00033211336,0.0005248858525837737,-0.00013518208,4.8564878e-05,0.0001436410230878194,3.8480939865112305,102.44869232177734
1779199490.2767825,8.744202136993408,hold-xy,22000,33.56984817273213,-0.00032161223,-5.1188865e-05,0.0,0.011643324,0.009886577,0.037743244,-0.0026729849632829428,0.005451165605336428,-0.6409788727760315,-0.7675344944000244,0.0006201267242431641,154,0.0002559051,-0.00016407948,0.00030398928646468005,-0.00064828765,0.00065195345,0.0009194129579148,3.8480939865112305,102.38170623779297
1779199490.3584611,8.825880765914917,hold-xy,22000,33.56984817273213,-0.00056257634,1.5550526e-05,0.0,0.011605667,0.0099427095,0.037754618,-0.0011779052438214421,0.004178021103143692,-0.6411072611808777,-0.7674389481544495,0.0007665157318115234,155,0.000218248,-0.000107946806,0.00024348449969624876,-0.00059236167,0.00066290906,0.0008890111235030288,3.8480939865112305,102.38170623779297
1779199490.4604163,8.927835941314697,hold-xy,23000,35.09575036240177,-0.00083786657,0.00085465866,0.0,0.011477718,0.010009087,0.037728366,0.0002257366431877017,0.0052266912534832954,-0.64114910364151,-0.767398476600647,0.005770444869995117,156,9.0299174e-05,-4.1569583e-05,9.940810227144345e-05,-0.0008105702,0.00066942995,0.0010512661109607668,3.8480939865112305,102.41968536376953
1779199490.5632868,9.030706405639648,hold-xy,23000,35.09575036240177,0.0016323077,-0.0023465836,0.0,0.011789573,0.009770625,0.03775399,-0.004393890034407377,0.004765958059579134,-0.6405594944953918,-0.7678811550140381,0.020328044891357422,157,0.0004021544,-0.000280031,0.0004900464661743544,0.0004919774,-0.00034145574,0.0005988603925728472,3.8375368118286133,102.46234893798828
1779199490.6451926,9.112612247467041,hold-xy,24000,36.62165255207141,-0.0012577996,0.0011507748,0.0,0.011418767,0.010080364,0.037691165,0.0017042189138010144,0.0052366312593221664,-0.6413881182670593,-0.767196774482727,0.009157180786132812,158,3.1348318e-05,2.9707327e-05,4.31884522178645e-05,-0.0008507787,0.00075931347,0.001140342679823506,3.8375368118286133,102.37592315673828
1779199490.7282915,9.195711135864258,hold-xy,24000,36.62165255207141,0.0021210427,-0.002811077,0.0,0.011819994,0.009739881,0.03776914,-0.00483553484082222,0.004374432843178511,-0.6406394839286804,-0.7678140997886658,0.0007953643798828125,159,0.00043257512,-0.0003107749,0.0005326370841946867,0.00072051777,-0.0005852954,0.0009282868634327351,3.8322582244873047,102.4276351928711
1779199490.831238,9.298657655715942,hold-xy,24000,36.62165255207141,0.0019027835,-0.002196473,0.0,0.011787368,0.009734811,0.037749674,-0.005029561463743448,0.005960837472230196,-0.6405778527259827,-0.7678536176681519,0.011904478073120117,160,0.00039994903,-0.000315845,0.0005096246624310263,0.00039778466,-0.00042626902,0.0005830419474495518,3.826979637145996,102.41429901123047
1779199490.9153516,9.382771253585815,hold-xy,24000,36.62165255207141,0.0029772916,-0.003860209,0.0,0.0119787175,0.009603316,0.037772335,-0.007327384315431118,0.0041763316839933395,-0.6403884887695312,-0.768004834651947,0.016092300415039062,161,0.00059129857,-0.0004473403,0.0007414495056340252,0.0009966764,-0.00079195364,0.0012730100098864055,3.826979637145996,102.3799819946289
1779199491.005204,9.472623586654663,hold-xy,24000,36.62165255207141,0.0023829658,-0.0033110895,0.0,0.011967869,0.009628973,0.037760865,-0.007329766172915697,0.004795067477971315,-0.640347421169281,-0.7680354118347168,0.020622730255126953,162,0.0005804496,-0.0004216833,0.000717452807444579,0.00065952743,-0.00046415505,0.0008064839626963484,3.826979637145996,102.33052062988281
1779199491.0688162,9.536235809326172,hold-xy,24000,36.62165255207141,0.00061000255,-0.0018260202,0.0,0.011849849,0.0097843185,0.037738048,-0.004130504559725523,0.004677363205701113,-0.6405820846557617,-0.767864465713501,0.010081291198730469,163,0.0004624296,-0.00026633777,0.0005336449616893241,-1.5798782e-05,0.0003035657,0.00030397653571296945,3.826979637145996,102.33052062988281
1779199491.150077,9.617496728897095,hold-xy,24000,36.62165255207141,0.0008709475,-0.0020231735,0.0,0.011868333,0.009772224,0.037788134,-0.004952399525791407,0.004631429444998503,-0.6403742432594299,-0.7680330872535706,0.019697904586791992,164,0.0004809145,-0.00027843192,0.0005557005188706733,6.6343615e-05,0.00016185349,0.00017492291794687722,3.826979637145996,102.24545288085938
1779199491.2111816,9.678601264953613,hold-xy,25000,38.147554741741054,0.002461882,-0.003392551,0.0,0.012009535,0.009619027,0.03777808,-0.007347284350544214,0.0044237179681658745,-0.6402657628059387,-0.7681056261062622,0.004653453826904297,165,0.00062211603,-0.0004316289,0.0007571868160636093,0.00060272455,-0.0004902443,0.0007769275381465364,3.826979637145996,102.2540054321289
1779199491.292747,9.760166645050049,hold-xy,25000,38.147554741741054,0.0026644706,-0.0030807655,0.0,0.0120052695,0.009574521,0.037806578,-0.007632931228727102,0.004531896207481623,-0.6400940418243408,-0.768245279788971,0.004531145095825195,166,0.0006178506,-0.00047613494,0.0007800280936461147,0.00040624218,-0.0005066205,0.0006493820323713704,3.816422462463379,102.2815933227539
1779199491.3949294,9.862349033355713,hold-xy,25000,38.147554741741054,0.00084031787,-0.0014549483,0.0,0.011836743,0.009760936,0.037733216,-0.0046679857186973095,0.005471444688737392,-0.6400561332702637,-0.7682945132255554,0.008083343505859375,167,0.00044932403,-0.00028972048,0.0005346307382803719,-0.00022823183,0.00021237604,0.0003117584806495727,3.816422462463379,102.2219009399414
1779199491.4781806,9.945600271224976,hold-xy,25000,38.147554741741054,-0.0010976999,-0.00069581415,0.0,0.011743285,0.009981459,0.03774665,-0.001673155347816646,0.005887154024094343,-0.640180230140686,-0.7682003378868103,0.005154848098754883,168,0.0003558658,-6.919727e-05,0.00036253101186267895,-0.0004850994,0.00091632595,0.0010368098417565513,3.816422462463379,102.20161437988281
1779199491.5812368,10.048656463623047,hold-xy,25000,38.147554741741054,-0.0022318158,0.0016974979,0.0,0.011455777,0.010151707,0.03769376,0.002947799628600478,0.006918143481016159,-0.6403144001960754,-0.7680761218070984,0.01969122886657715,169,6.8358146e-05,0.00010105036,0.0001220000501840884,-0.0013139537,0.0012184096,0.001791925300643779,3.816422462463379,102.27264404296875
1779199491.663158,10.130577564239502,hold-xy,26000,39.6734569314107,-6.5622065e-05,-0.0013556604,0.0,0.0117357075,0.009967741,0.03777211,-0.001686109695583582,0.005516218952834606,-0.640224039554596,-0.7681666016578674,0.007756948471069336,170,0.00034828857,-8.291565e-05,0.00035802223396244815,-2.4995941e-05,0.00026485644,0.0002660333249569494,3.816422462463379,102.27264404296875
1779199491.7651532,10.232572793960571,hold-xy,26000,39.6734569314107,0.0036911892,-0.004285062,0.0,0.012083055,0.009534754,0.03788171,-0.008463781327009201,0.005502455867826939,-0.6399319171905518,-0.7683652639389038,0.007508277893066406,171,0.0006956365,-0.0005159024,0.0008660631596251116,0.0010016775,-0.0010850531,0.0014767186419732705,3.8111438751220703,102.27229309082031
1779199491.8494954,10.316915035247803,hold-xy,26000,39.6734569314107,0.0030649332,-0.0040445337,0.0,0.012105381,0.009549407,0.03784324,-0.007362748961895704,0.0046213469468057156,-0.6395018100738525,-0.7687405347824097,0.008769035339355469,172,0.00071796216,-0.000501249,0.0008756255918630605,0.00078179024,-0.0007066249,0.0010538095802202182,3.8058650493621826,102.21572875976562
1779199491.9315326,10.39895224571228,hold-xy,26000,39.6734569314107,0.003057497,-0.0036022696,0.0,0.012095818,0.009516578,0.03784895,-0.008605257607996464,0.0064356690272688866,-0.6394898891448975,-0.7687243819236755,0.00838017463684082,173,0.00070839934,-0.0005340781,0.0008871691163767739,0.0005124481,-0.0006141231,0.0007998439116298649,3.8058650493621826,102.10572052001953
1779199492.033084,10.500503540039062,hold-xy,26000,39.6734569314107,0.002681255,-0.0037558838,0.0,0.012139233,0.009527865,0.03783663,-0.007374948356300592,0.004982448183000088,-0.6392375826835632,-0.768957793712616,0.017146825790405273,174,0.0007518139,-0.0005227914,0.0009157155757362122,0.0004990856,-0.00039339298,0.0006354875822551866,3.8058650493621826,102.0410385131836
1779199492.1153154,10.582735061645508,hold-xy,26000,39.6734569314107,0.0026272149,-0.0035286357,0.0,0.01213893,0.009513868,0.037829343,-0.00781225087121129,0.006438008975237608,-0.6392892003059387,-0.7688997387886047,0.005368471145629883,175,0.0007515112,-0.00053678825,0.0009235316541818158,0.000348394,-0.0003200412,0.0004730800792572609,3.8058650493621826,102.0733642578125
1779199492.196796,10.664215564727783,hold-xy,27000,41.19935912108034,0.0031804019,-0.0040704547,0.0,0.012207229,0.009445705,0.037840385,-0.008670187555253506,0.006110277026891708,-0.63922518491745,-0.7689464092254639,0.01460123062133789,176,0.00081980973,-0.0006049508,0.001018849097350092,0.00052747724,-0.0005070657,0.0007316746895872095,3.8058650493621826,102.04389190673828
1779199492.2799075,10.747327089309692,hold-xy,27000,41.19935912108034,0.0011187796,-0.0018762646,0.0,0.012000781,0.0096391365,0.0377703,-0.004966059699654579,0.005690983962267637,-0.6392815709114075,-0.7689356207847595,0.015573978424072266,177,0.0006133616,-0.00041151978,0.0007386209889332143,-0.0003847879,0.00035153297,0.0005211882490643783,3.7953078746795654,102.04351043701172
1779199492.3418303,10.809249877929688,hold-xy,27000,41.19935912108034,0.0025176967,-0.003545627,0.0,0.012149179,0.009516077,0.037848618,-0.007762810681015253,0.0049779824912548065,-0.6392233967781067,-0.7689658999443054,0.003512144088745117,178,0.0007617604,-0.00053457916,0.0009306200983041913,0.0003323903,-0.00025292,0.0004176743245844387,3.7953078746795654,102.04351043701172
1779199492.42483,10.892249584197998,hold-xy,27000,41.19935912108034,0.0016413665,-0.0023982804,0.0,0.012052279,0.00959013,0.037836995,-0.006465808022767305,0.005438713822513819,-0.6392725706100464,-0.7689338326454163,0.015047788619995117,179,0.00066486,-0.00046052597,0.0008087787260700423,-0.00017410635,0.0001338249,0.00021959537047980718,3.7953078746795654,102.00933837890625
1779199492.506331,10.973750591278076,hold-xy,27000,41.19935912108034,0.0012603567,-0.0020584546,0.0,0.012007687,0.009637181,0.03780787,-0.0062901671044528484,0.00690247118473053,-0.6390166282653809,-0.7691362500190735,0.012871980667114258,180,0.0006202683,-0.00041347556,0.0007454493830123606,-0.00028174568,0.00026236364,0.00038498742954201106,3.7953078746795654,101.99982452392578
1779199492.5884144,11.0558340549469,hold-xy,28000,42.72526131074998,0.002491764,-0.0040246053,0.0,0.012202024,0.009519551,0.037934843,-0.010086088441312313,0.008743047714233398,-0.6381663680076599,-0.7697828412055969,0.012610435485839844,181,0.0008146055,-0.0005311053,0.0009724479217727831,0.00051078893,-0.00024489517,0.0005664617973359315,3.7953078746795654,101.98516082763672
1779199492.6717741,11.139193773269653,hold-xy,28000,42.72526131074998,0.0015864781,-0.0035994123,0.0,0.012180016,0.00960913,0.037893523,-0.008397438563406467,0.00802986603230238,-0.6377012729644775,-0.7701961398124695,0.0036766529083251953,182,0.0007925974,-0.00044152606,0.0009072794029328966,0.00028601498,0.00011975075,0.0003100722763367011,3.7847506999969482,101.93071746826172
1779199492.7736912,11.241110801696777,hold-xy,28000,42.72526131074998,0.002450871,-0.0045453086,0.0,0.01230861,0.00951214,0.037932325,-0.010037812404334545,0.008843447081744671,-0.6372055411338806,-0.7705778479576111,0.0023021697998046875,183,0.0009211907,-0.00053851586,0.001067048097464376,0.00057369703,-0.00019787179,0.0006068620263772114,3.7847506999969482,101.8723373413086
1779199492.8766587,11.344078302383423,hold-xy,28000,42.72526131074998,0.00021980808,-0.0023742723,0.0,0.0120935375,0.009752977,0.03784438,-0.005737231113016605,0.007152968551963568,-0.6372123956680298,-0.7706336975097656,0.013322114944458008,184,0.00070611853,-0.00029767957,0.000766300531615962,-0.00030013447,0.00064727344,0.000713472926009193,3.7847506999969482,101.84698486328125
1779199492.9596143,11.4270339012146,hold-xy,29000,44.25116350041962,0.0007495479,-0.0040264046,0.0,0.012265056,0.009726016,0.03789126,-0.009172038175165653,0.008128141984343529,-0.6361159086227417,-0.7714961767196655,0.0033969879150390625,185,0.0008776374,-0.00032464042,0.0009357557471599358,0.00034390314,0.0003660092,0.0005022271381744792,3.7847506999969482,101.84698486328125
1779199493.0615344,11.528954029083252,hold-xy,29000,44.25116350041962,0.0011736193,-0.0034709454,0.0,0.0122199925,0.009696847,0.03790353,-0.00874741654843092,0.006853519938886166,-0.6365548372268677,-0.7711514234542847,0.013327836990356445,186,0.0008325735,-0.00035380945,0.0009046324161576964,9.376755e-05,0.00016107896,0.0001863834382931206,3.774193525314331,101.80756378173828
1779199493.144093,11.611512660980225,hold-xy,29000,44.25116350041962,-0.001351797,-0.0014134862,0.0,0.012007756,0.009970443,0.03786568,-0.004424632992595434,0.008935484103858471,-0.6364368796348572,-0.771264374256134,0.013999462127685547,187,0.0006203372,-8.021295e-05,0.0006255016726790104,-0.00071190845,0.0011150992,0.0013229738464639344,3.774193525314331,101.74750518798828
1779199493.2279613,11.695380926132202,hold-xy,29000,44.25116350041962,-0.0033700461,0.00061215507,0.0,0.011769413,0.010226469,0.037762243,-0.0008787022088654339,0.0100558465346694,-0.6373545527458191,-0.7705045938491821,0.020851850509643555,188,0.00038199406,0.00017581228,0.00042051089984315905,-0.0014267542,0.0017778646,0.0022795679000403098,3.774193525314331,101.64242553710938
1779199493.312405,11.77982473373413,hold-xy,29000,44.25116350041962,-0.0048633907,-0.00011586514,0.0,0.011779129,0.010485614,0.037769962,-0.0021131355315446854,0.0076108574867248535,-0.6387197375297546,-0.7693989276885986,0.012508392333984375,189,0.00039170962,0.00043495744,0.0005853412588435456,-0.0009673155,0.002082374,0.0022960794033037627,3.774193525314331,101.63821411132812
1779199493.3740478,11.841467380523682,hold-xy,29000,44.25116350041962,-0.003946339,-0.0016129506,0.0,0.011878971,0.010487496,0.03776275,-0.0033677201718091965,0.007464109919965267,-0.6398422122001648,-0.7684627175331116,0.006325721740722656,190,0.00049155205,0.00043683965,0.0006576110415620292,-0.00023550505,0.001465987,0.0014847829366359364,3.774193525314331,101.62776947021484
1779199493.455322,11.922741651535034,hold-xy,29000,44.25116350041962,-0.0053933263,-0.0011020412,0.0,0.011813986,0.010709421,0.037703056,8.537637768313289e-06,0.007477391976863146,-0.6403635740280151,-0.7680355310440063,0.005674123764038086,191,0.00042656716,0.0006587645,0.0007848122188319943,-0.0004028183,0.0018388457,0.0018824494085964145,3.774193525314331,101.62776947021484
1779199493.5364442,12.00386381149292,hold-xy,29000,44.25116350041962,-0.0047904653,-0.0017694437,0.0,0.011861009,0.010731148,0.037797187,-0.004795045126229525,0.008260389789938927,-0.6428200006484985,-0.7659577131271362,0.015799760818481445,192,0.00047358964,0.0006804913,0.0008290691304624424,-8.327655e-05,0.001379,0.0013815122134503708,3.774193525314331,101.71159362792969
1779199493.5986419,12.06606149673462,hold-xy,29000,44.25116350041962,-0.0031455806,-0.0046171984,0.0,0.0121356435,0.010631044,0.037914827,-0.008585716597735882,0.007501239888370037,-0.6426751017570496,-0.766054093837738,0.0057985782623291016,193,0.00074822456,0.0005803881,0.0009469373688972349,0.0010828667,0.00054935215,0.0012142437976507563,3.7689149379730225,101.75121307373047
1779199493.7014167,12.16883635520935,hold-xy,29000,44.25116350041962,-0.0035624807,-0.0026902677,0.0,0.011963787,0.010710322,0.037805904,-0.004457487724721432,0.00943757314234972,-0.6426641345024109,-0.766076922416687,0.005762577056884766,194,0.0005763676,0.000659666,0.0008759902224225194,0.00025653152,0.0006158778,0.0006671685677099581,3.7689149379730225,101.72523498535156
1779199493.8046303,12.272049903869629,hold-xy,30000,45.777065690089266,-0.0032259624,-0.0035146328,0.0,0.012069897,0.010703619,0.037855707,-0.006023040972650051,0.008913077414035797,-0.6419401168823242,-0.7666793465614319,0.01632380485534668,195,0.00068247784,0.00065296236,0.0009445294376149505,0.00052314764,0.0004094086,0.0006643032615166091,3.7583577632904053,101.58438110351562
1779199493.887048,12.354467630386353,hold-xy,30000,45.777065690089266,-0.0028153395,-0.0038006054,0.0,0.0121251,0.010679649,0.037875038,-0.007664014119654894,0.0069460500963032246,-0.6420338153839111,-0.7666065692901611,0.016095399856567383,196,0.00073768105,0.0006289929,0.0009694356253506029,0.0005665874,0.00019957848,0.0006007102655839942,3.763636350631714,101.54317474365234
1779199493.9687774,12.43619704246521,hold-xy,30000,45.777065690089266,-0.0013051876,-0.0075478964,0.0,0.012580291,0.0105181085,0.0378749,-0.006444625090807676,0.006540966220200062,-0.640753448009491,-0.7676917910575867,0.003927469253540039,197,0.0011928724,0.00046745222,0.001281193252966397,0.001850938,-0.0003764142,0.0018888247537787576,3.763636350631714,101.54317474365234
1779199494.0769417,12.544361352920532,hold-xy,30000,45.777065690089266,-0.0035997853,-0.004784359,0.0,0.012352225,0.010769162,0.03779401,-0.002909891540184617,0.0070583270862698555,-0.6409080028533936,-0.7675797343254089,0.011311531066894531,198,0.0009648064,0.00071850605,0.001202955678016559,0.0006167556,0.00048384062,0.0007838936395710049,3.7583577632904053,101.55826568603516
1779199494.1582727,12.625692367553711,hold-xy,30000,45.777065690089266,-0.00431106,-0.0050585954,0.0,0.012410741,0.010867683,0.03778057,-0.0026129523757845163,0.0062287854962050915,-0.6401585340499878,-0.768213152885437,0.009762048721313477,199,0.0010233223,0.00081702694,0.0013094738438407816,0.00064353726,0.0006953015,0.0009474093169828239,3.7583577632904053,101.55826568603516
1779199494.26199,12.72940969467163,hold-xy,31000,47.30296787975891,-0.0025580204,-0.007877509,0.0,0.012780957,0.010696164,0.037980188,-0.0063901799730956554,0.0051081241108477116,-0.6390569806098938,-0.7691159248352051,0.011124610900878906,200,0.001393538,0.00064550806,0.0015357827849413245,0.0015355715,-1.6007805e-05,0.0015356549378635293,3.7583577632904053,101.53109741210938
1779199494.3458076,12.81322717666626,hold-xy,31000,47.30296787975891,-0.0023998586,-0.010515536,0.0,0.013137184,0.010678469,0.037957583,-0.006958219688385725,0.00671373400837183,-0.6389570236206055,-0.7691817283630371,0.010755300521850586,201,0.0017497651,0.00062781293,0.0018589854833241798,0.0023443173,-7.4262134e-05,0.002345493202806376,3.7583577632904053,101.53890991210938
1779199494.4493492,12.916768789291382,hold-xy,32000,48.82887006942855,-0.0033947993,-0.014275774,0.0,0.013710826,0.010793017,0.03805595,-0.004328380338847637,0.00351628172211349,-0.6381016969680786,-0.7699318528175354,0.011885881423950195,202,0.0023234067,0.00074236095,0.002439122510241918,0.0033214318,0.00028357026,0.003333514927533513,3.747800588607788,101.54891204833984
1779199494.512338,12.97975754737854,hold-xy,32000,48.82887006942855,0.00089352066,-0.01885696,0.0,0.014266575,0.010412442,0.03854894,-0.010707324370741844,0.011065208353102207,-0.6352729797363281,-0.7721341848373413,0.009964704513549805,203,0.0028791558,0.0003617853,0.0029017972961799046,0.004893557,-0.0015604412,0.005136329267323411,3.7530791759490967,101.50961303710938
1779199494.5943308,13.061750411987305,hold-xy,32000,48.82887006942855,0.0070101223,-0.018814534,0.0,0.0144965565,0.0096863145,0.03963575,-0.009370395913720131,0.014122869819402695,-0.6346585154533386,-0.7726069092750549,0.008479595184326172,204,0.0031091375,-0.00036434177,0.00313041237403149,0.0042519895,-0.0037018368,0.005637642474763612,3.7425220012664795,101.46389770507812
1779199494.6972792,13.164698839187622,hold-xy,32000,48.82887006942855,0.024311714,-0.018264864,0.0,0.0146491965,0.0075633153,0.04127445,-0.00938081182539463,0.022356385365128517,-0.634757399559021,-0.7723310589790344,0.020228862762451172,205,0.0032617776,-0.002487341,0.00410195777860233,0.0034785026,-0.0095749,0.010187183152230805,3.7425220012664795,101.42913055419922
1779199494.740035,13.207454681396484,hold-xy,32000,48.82887006942855,0.052350976,-0.018317565,0.0,0.014787678,0.0047947685,0.04268944,-0.009447474032640457,0.012499118223786354,-0.6344314217567444,-0.7728203535079956,0.004422187805175781,206,0.0034002587,-0.0052558878,0.006259881309479538,0.0031443534,-0.02088495,0.021120323500725974,3.7425220012664795,101.42913055419922
1779199494.8248718,13.292291402816772,hold-xy,32000,48.82887006942855,0.082668915,-0.016407024,0.0,0.014737226,0.00075155584,0.044077232,-0.008025298826396465,0.01696125790476799,-0.6346620321273804,-0.7725620269775391,0.0119781494140625,207,0.003349807,-0.0092991,0.009884051399124695,0.0020051966,-0.030315012,0.030381256807205263,3.737243413925171,101.5215072631836
1779199494.9262729,13.39369249343872,hold-xy,32000,48.82887006942855,0.11949574,-0.017141676,0.0,0.014938799,-0.0054629482,0.04548058,-0.013500993140041828,0.013580658473074436,-0.6346040964126587,-0.7726001739501953,0.0041849613189697266,208,0.0035513798,-0.0155136045,0.015914906019900116,0.0019574377,-0.038294215,0.0383442105523659,3.737243413925171,101.60149383544922
1779199495.007349,13.47476863861084,hold-xy,32000,48.82887006942855,0.17991519,-0.018696979,0.0,0.015183919,-0.013276117,0.04625929,-0.005756541155278683,0.009401071816682816,-0.6343111991882324,-0.7729992866516113,0.009485483169555664,209,0.0037965002,-0.023326773,0.023633700691036805,0.0023406518,-0.05773873,0.05778615430174883,3.737243413925171,101.62020111083984
1779199495.111793,13.579212665557861,hold-xy,32000,48.82887006942855,0.23001374,-0.01731507,0.0,0.015144788,-0.0223358,0.04797003,-0.0076909479685127735,0.011353960260748863,-0.6332064867019653,-0.7738614082336426,0.011604547500610352,210,0.0037573688,-0.032386456,0.032603685288321166,0.0015237294,-0.06697861,0.06699594064547901,3.737243413925171,101.63430786132812
1779199495.195271,13.66269063949585,hold-xy,32000,48.82887006942855,0.29549974,-0.013254884,0.0,0.014782522,-0.032601643,0.048986726,-0.004334275145083666,0.01299164816737175,-0.6320253610610962,-0.7748266458511353,0.010416507720947266,211,0.003395103,-0.0426523,0.04278721309948277,-0.00021701853,-0.08326035,0.08326063362575978,3.737243413925171,101.66511535644531
1779199495.2781956,13.745615243911743,hold-xy,32000,48.82887006942855,0.35927296,0.0020659436,0.0,0.0130706495,-0.04384209,0.049062893,0.0009677830967120826,0.007944975979626179,-0.6309851408004761,-0.7757536172866821,0.003463268280029297,212,0.0016832305,-0.053892747,0.053919027116908394,-0.0058659106,-0.09580132,0.09598073788023305,3.737243413925171,101.73291778564453
1779199495.380316,13.84773564338684,hold-xy,32000,48.82887006942855,0.43398073,0.029338244,0.0,0.009716762,-0.057052508,0.04771338,-0.0018672555452212691,0.006688104476779699,-0.6306779384613037,-0.7760137319564819,0.014094114303588867,213,-0.0016706567,-0.06710316,0.06712395593450128,-0.015103744,-0.11037873,0.11140729782633617,3.7319648265838623,101.76809692382812
1779199495.462142,13.929561614990234,hold-xy,32000,48.82887006942855,0.4975372,0.05761397,0.0,0.0057515036,-0.06985385,0.045453507,-0.001856390736065805,0.003979783970862627,-0.6318950057029724,-0.7750415802001953,0.0030393600463867188,214,-0.0056359153,-0.079904504,0.08010301842701585,-0.023380205,-0.11861278,0.12089510359966496,3.7319648265838623,101.76809692382812
1779199495.5664477,14.033867359161377,hold-xy,32000,48.82887006942855,0.55215025,0.08738072,0.0,0.0009403394,-0.08274984,0.04336094,-0.004029897041618824,0.008298205211758614,-0.6335290670394897,-0.7736639380455017,0.004460334777832031,215,-0.010447079,-0.0928005,0.0933866911792463,-0.030394938,-0.12063216,0.12440245078618842,3.7319648265838623,101.6722640991211
1779199495.6502485,14.117668151855469,hold-xy,32000,48.82887006942855,0.6131899,0.11637369,0.0,-0.0031974758,-0.09393293,0.042728566,-0.010653604753315449,0.009752028621733189,-0.6351233124732971,-0.7722757458686829,0.01697254180908203,216,-0.014584895,-0.10398358,0.10500144748882112,-0.038689405,-0.1315037,0.13707696444660297,3.7319648265838623,101.66279602050781
1779199495.711122,14.178541660308838,hold-xy,32000,48.82887006942855,0.6677821,0.1455588,0.0,-0.0077273566,-0.104993254,0.042505175,-0.003232188755646348,0.011081920005381107,-0.6361992955207825,-0.7714384198188782,0.006260871887207031,217,-0.019114776,-0.11504391,0.11662107508858381,-0.046066463,-0.13840434,0.1458693946518978,3.7319648265838623,101.65086364746094
1779199495.7950037,14.262423276901245,hold-xy,32000,48.82887006942855,0.72296363,0.1695047,0.0,-0.012445435,-0.11739821,0.042380765,-0.011621822603046894,0.015903901308774948,-0.6384562253952026,-0.7694060802459717,0.007861614227294922,218,-0.023832854,-0.12744887,0.12965808873862164,-0.049448863,-0.1421121,0.1504694001608614,3.7319648265838623,101.60308837890625
1779199495.8762639,14.34368348121643,hold-xy,32000,48.82887006942855,0.79155874,0.20202373,0.0,-0.018183777,-0.13128497,0.041951578,-0.0024436842650175095,0.01266594510525465,-0.6403164267539978,-0.7680030465126038,0.007963895797729492,219,-0.029571196,-0.14133562,0.144396029185561,-0.055825964,-0.15081084,0.1608118386082664,3.7319648265838623,101.57703399658203
1779199495.980512,14.44793152809143,hold-xy,32000,48.82887006942855,0.87207866,0.23955812,0.0,-0.025224486,-0.14795908,0.04155154,-0.008878428488969803,0.014946741983294487,-0.6417147517204285,-0.7667462825775146,0.020358562469482422,220,-0.036611907,-0.15800974,0.16219590072521498,-0.062073655,-0.16002649,0.1716438657518052,3.7319648265838623,101.57395935058594
1779199496.0431483,14.510567903518677,hold-xy,32000,48.82887006942855,0.9650889,0.28535295,0.0,-0.033031613,-0.16543344,0.04086164,-0.006361822132021189,0.012751376256346703,-0.6425229907035828,-0.7661339044570923,0.00033020973205566406,221,-0.04441903,-0.17548409,0.18101855373194778,-0.07178454,-0.17543502,0.18955333261870771,3.7319648265838623,101.57395935058594
